{
  "per_start": {
    "fusco_parallel_3mer_core70-88": {
      "t_ns": 50.0,
      "slope_last20ns": -0.014009602461326216,
      "own_rmsd_mean_tail": 7.954692630111027,
      "activity": 7.477
    },
    "fusco_parallel_3mer_core70-88_s123": {
      "t_ns": 50.0,
      "slope_last20ns": -0.0362808127456769,
      "own_rmsd_mean_tail": 7.909192972211364,
      "activity": 10.604
    },
    "fusco_parallel_3mer_core70-88_s777": {
      "t_ns": 50.0,
      "slope_last20ns": -0.022250429190657537,
      "own_rmsd_mean_tail": 7.119238286737591,
      "activity": 11.089
    },
    "fusco_antiparallel_3mer_core70-88": {
      "t_ns": 50.0,
      "slope_last20ns": 0.05994771974993851,
      "own_rmsd_mean_tail": 6.858309870482469,
      "activity": 8.351
    },
    "fusco_antiparallel_3mer_core70-88_s123": {
      "t_ns": 50.0,
      "slope_last20ns": 0.039423063766297506,
      "own_rmsd_mean_tail": 8.62474684593781,
      "activity": 4.595
    },
    "fusco_parallel_3mer_core65-83": {
      "t_ns": 50.0,
      "slope_last20ns": 0.03198141779285934,
      "own_rmsd_mean_tail": 7.553135868147456,
      "activity": 11.152
    },
    "fusco_parallel_3mer_core73-91": {
      "t_ns": 50.0,
      "slope_last20ns": 0.04417146445439845,
      "own_rmsd_mean_tail": 9.686563998674123,
      "activity": 15.964
    },
    "ctrl_coil_3mer": {
      "t_ns": 50.0,
      "slope_last20ns": 0.22654383128656988,
      "own_rmsd_mean_tail": 9.094719035598613,
      "activity": 4.428
    }
  },
  "labels": [
    "fusco_parallel_3mer_core70-88",
    "fusco_parallel_3mer_core70-88_s123",
    "fusco_parallel_3mer_core70-88_s777",
    "fusco_antiparallel_3mer_core70-88",
    "fusco_antiparallel_3mer_core70-88_s123",
    "fusco_parallel_3mer_core65-83",
    "fusco_parallel_3mer_core73-91",
    "ctrl_coil_3mer",
    "HANDBUILT_parallel_target"
  ],
  "pairwise_rmsd": [
    [
      0.0,
      8.21092359554703,
      5.948046212144617,
      17.359283774903815,
      16.59966006777215,
      8.34752515329515,
      7.863349075780522,
      19.602772400197775,
      8.098749628158554
    ],
    [
      8.21092359554703,
      0.0,
      7.572791554167952,
      17.144905330755954,
      15.00547331238843,
      7.588620553723684,
      9.002554230624204,
      21.176099353638374,
      7.887155559085726
    ],
    [
      5.948046212144617,
      7.572791554167952,
      0.0,
      18.45089645140099,
      17.48043331203588,
      6.918250391132724,
      8.558672591927737,
      21.542792191094296,
      6.9993542870091545
    ],
    [
      17.359283774903815,
      17.144905330755954,
      18.45089645140099,
      0.0,
      7.8375505316784135,
      17.91442314036973,
      17.99308414095229,
      15.947128378203416,
      20.71885575633281
    ],
    [
      16.59966006777215,
      15.00547331238843,
      17.48043331203588,
      7.8375505316784135,
      0.0,
      15.33788584625587,
      17.257952250453634,
      18.350718324431625,
      18.966880983394283
    ],
    [
      8.34752515329515,
      7.588620553723684,
      6.918250391132724,
      17.91442314036973,
      15.33788584625587,
      0.0,
      8.63046442055445,
      20.14270139843648,
      7.697026948529201
    ],
    [
      7.863349075780522,
      9.002554230624204,
      8.558672591927737,
      17.99308414095229,
      17.257952250453634,
      8.63046442055445,
      0.0,
      21.47995623775965,
      9.44292572774604
    ],
    [
      19.602772400197775,
      21.176099353638374,
      21.542792191094296,
      15.947128378203416,
      18.350718324431625,
      20.14270139843648,
      21.47995623775965,
      0.0,
      22.76681641743388
    ],
    [
      8.098749628158554,
      7.887155559085726,
      6.9993542870091545,
      20.71885575633281,
      18.966880983394283,
      7.697026948529201,
      9.44292572774604,
      22.76681641743388,
      0.0
    ]
  ],
  "mds": [
    [
      -4.206346188983235,
      -1.6798251708985321
    ],
    [
      -4.362125218247385,
      1.710591637901116
    ],
    [
      -6.058664648794442,
      -0.5396014343620786
    ],
    [
      11.028471785257668,
      4.9119501852765515
    ],
    [
      8.31440541104139,
      7.373000716654503
    ],
    [
      -4.310990129437284,
      -0.2865221441313138
    ],
    [
      -5.116954409221394,
      0.016867531454397244
    ],
    [
      12.587092328380745,
      -10.268203380785035
    ],
    [
      -7.8748889299960565,
      -1.238257941109606
    ]
  ],
  "clusters_by_cut": {
    "4": 8,
    "8": 4,
    "12": 3
  },
  "mean_pairwise_rmsd": 14.116604079343816
}